,Naive Bayes,Logistic Regression,Naive Bayes Net,Logistic Regression Net
Model 1,0.7438524590163934,0.7028688524590164,0.0,0.0
Model 2,0.7479508196721312,0.7745901639344263,0.004098360655737765,0.07172131147540983
Model 3,0.7848360655737705,0.9057377049180327,0.03688524590163933,0.13114754098360648
